biome,group,file,luma,contrast,saturation,hue_deg,chroma,detail,edge_score,edge_luma,edge_contrast,edge_saturation,edge_hue_deg,edge_chroma,edge_warmth,edge_detail
AridSteppe,AcidLake,AcidLake_Part1_00.png,0.13212298293140629,0.14312441736055942,0.32989690721649484,110.1327119438083,0.04876216041040886,0.0,1.46078220506404,0.25134104639791466,0.11730340008823839,0.41573033707865165,68.22492773748806,0.06484606784006157,0.06021912649042277,0.011764705882352955
AridSteppe,AcidLake,AcidLake_Part1_01.png,0.12831343656422584,0.13926096963788318,0.32758620689655166,109.64825866393892,0.04838457423608466,0.0,1.4988065390178873,0.24464289910533604,0.11857604434170313,0.4107142857142857,68.63469773784635,0.06313872004907546,0.05879961321560387,0.011764705882352955
AridSteppe,AcidLake,AcidLake_Part1_02.png,0.1351408630346493,0.13809212884458755,0.32954545454545453,108.17152252217312,0.04878296263842217,0.0,1.5385348667090866,0.24852583830829422,0.12325338580951506,0.4129733520336606,68.3831449632618,0.06403182454531649,0.05952834801292766,0.011764705882352955
AridSteppe,AcidLake,AcidLake_Part1_03.png,0.1379236508241851,0.14001609140458135,0.3267326732673267,107.97255628711144,0.04887623141821358,0.0,1.4894535738500574,0.24898858809561436,0.1208098343884518,0.4171982285783935,67.7182563853289,0.06460175488812421,0.05977797925912699,0.011764705882352955
AridSteppe,AcidLake,AcidLake_Part1_04.png,0.13501139045398022,0.1423157331740731,0.32954545454545453,108.611117814535,0.0486869011462461,0.0,1.5811743601885586,0.24941706168181854,0.12632707061038748,0.41390292115088956,67.97293804726412,0.06415635029331666,0.05947337406931167,0.011764705882352955
AridSteppe,AcidLake,AcidLake_Part1_05.png,0.13371766262285908,0.14088284584347927,0.32967032967032966,108.90477424216395,0.04889222920973462,0.0,1.5159653804880926,0.24919981978663625,0.1299356050576825,0.4101843849034861,68.00168553028679,0.06363723239479634,0.05900411569505497,0.01568627450980392
AridSteppe,AcidLake,AcidLake_Part1_06.png,0.13252073281113405,0.13760518392727233,0.32727272727272727,108.71280288052179,0.048686934595594894,0.0,1.5778519942363651,0.25026554650294,0.13317196407517298,0.4129733520336606,68.03235305985291,0.06429474301532108,0.05962663830006841,0.011764705882352955
AridSteppe,AcidLake,AcidLake_Part2_00.png,0.12836837908916526,0.1457764760452671,0.32584269662921345,111.79022553274872,0.04825723096275931,0.0,1.3080923344272317,0.2517436846484872,0.10894300473106572,0.4210526315789474,67.6872608150697,0.0653516689011388,0.060458484059632965,0.01568627450980392
AridSteppe,AcidLake,AcidLake_Part2_01.png,0.1321386483512735,0.1510737996647179,0.3240740740740741,110.36532382823933,0.04842966884521459,0.0,1.3279491820550846,0.2537679269507745,0.11560814814463072,0.422967032967033,67.62761999003976,0.0656357580140057,0.06069532988685729,0.01568627450980392
AridSteppe,AcidLake,AcidLake_Part2_02.png,0.13659512409760743,0.14585751823029477,0.32258064516129026,109.42470045349519,0.0487463726647019,0.0,1.3323408553075264,0.2524009857208563,0.11747566337461468,0.4235294117647058,68.00459792336406,0.06566720185622267,0.060887543211778805,0.01568627450980392
AridSteppe,AcidLake,AcidLake_Part2_03.png,0.13675321763723958,0.15211886946781633,0.3220338983050848,109.51467384429857,0.04825074737606239,0.0,1.2896785748353714,0.2559973759799711,0.1084015415034322,0.423194903256253,67.95139947689887,0.06582125746680553,0.06100747015977745,0.01568627450980392
AridSteppe,AcidLake,AcidLake_Part2_04.png,0.1300866021772314,0.15474803060598508,0.32258064516129026,110.24089405887402,0.04763035840997971,0.0,1.3625862905623167,0.2547789632709691,0.11647594892767224,0.41964665815240526,66.97002395591214,0.06523551993538916,0.06003626886142894,0.01568627450980392
AridSteppe,AcidLake,AcidLake_Part2_05.png,0.13569182116482006,0.14433085141638058,0.3207547169811321,109.30269526411404,0.04850924704249382,0.0,1.3417566830064227,0.2515911698930215,0.11301425067028584,0.4293951478896643,67.14940863981447,0.06605657926027055,0.06087249997395161,0.01568627450980392
AridSteppe,AcidLake,AcidLake_Part2_06.png,0.1345459475634468,0.1457440310393539,0.32,109.6925469285369,0.048191192450107966,0.0,1.3662082117389873,0.25096626022564344,0.11867282181619901,0.41982129459109196,67.34314043334945,0.06497377311960219,0.05995964263672528,0.01568627450980392
AridSteppe,Canyon,Canyon_Part1.png,0.2278057504814387,0.27239170758189774,0.448,66.00344271913063,0.06683401246916461,0.027450980392156862,0.5845323385157711,0.24455177554561777,0.07463959945601817,0.43209876543209874,67.05883865249058,0.06640482016674877,0.061152572141627184,0.023529411764705854
AridSteppe,Canyon,Canyon_Part2.png,0.2020180038423924,0.2762059255088667,0.4421052631578947,65.8448780454524,0.06340036792646832,0.027450980392156862,0.6621279274964453,0.24783934251415535,0.08755389939480968,0.4327485380116959,67.11741443854493,0.06652500939039689,0.061289732841514295,0.02352941176470591
AridSteppe,Canyon,Canyon_Part3.png,0.20986283398502933,0.26150131554106393,0.44444444444444436,65.91698681721533,0.06410481438508679,0.02745098039215685,0.546369575851591,0.24491173866712004,0.07030836913954988,0.4294117647058823,67.0498056638323,0.0658037690707512,0.06059501629532531,0.023529411764705882
AridSteppe,BoilingMud,BoilingMud_Part1_00.png,0.1949765274782856,0.1632651682897182,0.33333333333333326,65.17464942382115,0.04184598986891052,0.01568627450980392,0.9539873827355899,0.24668015855042136,0.0840669807789026,0.419753086419753,67.53740420264378,0.06388705559380155,0.059039891116920165,0.019607843137254888
AridSteppe,BoilingMud,BoilingMud_Part1_01.png,0.19700332822371966,0.16845426635432795,0.3350933407634438,65.1497356957342,0.04234257114509598,0.019607843137254888,0.9307334390168573,0.25120875712534263,0.08243039007715583,0.42105263157894735,67.74072326249227,0.06492655168931716,0.060088172144575555,0.019607843137254916
AridSteppe,BoilingMud,BoilingMud_Part1_02.png,0.20044298719583076,0.1888701639544379,0.33333333333333337,65.10980212873605,0.042618624653173516,0.0196078431372549,0.9066232963926237,0.2508206746808051,0.08149312590458624,0.4204183555298205,67.78714058982122,0.06437867988031826,0.059600865033480485,0.019607843137254888
AridSteppe,BoilingMud,BoilingMud_Part1_03.png,0.2009880468837901,0.18049480230387668,0.3432835820895523,65.16882145082597,0.044816013684553804,0.023529411764705882,0.8826196611643677,0.24871599790040871,0.08507009544769245,0.4240506329113924,67.43583864143802,0.06512648031826569,0.06014107521866126,0.019607843137254888
AridSteppe,BoilingMud,BoilingMud_Part1_04.png,0.1941415766332907,0.15655248749403244,0.3333333333333333,65.08305474004874,0.04214628252488238,0.01568627450980392,0.9168428389775277,0.2492412355622066,0.08001071161737874,0.422360248447205,67.58047050778806,0.064511238655415,0.059635227035536184,0.019607843137254888
AridSteppe,BoilingMud,BoilingMud_Part1_05.png,0.19526007270258477,0.1592537021025191,0.3304347826086957,65.15851336019497,0.041666127333640064,0.01568627450980392,0.8757876880513007,0.25056434470055966,0.0788449097384328,0.41875,67.50327321420633,0.0641915559034537,0.05930666792333262,0.019607843137254888
AridSteppe,BoilingMud,BoilingMud_Part1_06.png,0.19663808839166058,0.15466436587960156,0.3262411347517731,64.80000975602482,0.041314125756333364,0.01568627450980392,0.907439659252513,0.24809443007692883,0.07819337201534116,0.425,67.28478312157965,0.06519507580022031,0.06013825665976036,0.019607843137254888
AridSteppe,BoilingMud,BoilingMud_Part2_00.png,0.1949935682611738,0.16457645044192032,0.327433628318584,65.14426278912529,0.041290878662621655,0.015686274509803894,1.1118924631164588,0.2506977042289489,0.08650457717243348,0.4189189189189189,67.66226683936867,0.06340432659015507,0.058646441837068436,0.019607843137254888
AridSteppe,BoilingMud,BoilingMud_Part2_01.png,0.2022710491915225,0.1713619405564553,0.32824427480916024,65.23844046423615,0.04158402563740304,0.01568627450980392,1.1235876745198403,0.2512340352242137,0.08783568025056512,0.41666666666666674,67.80513303389151,0.06285945116064806,0.05820184437395502,0.019607843137254888
AridSteppe,BoilingMud,BoilingMud_Part2_02.png,0.20352842193859205,0.19014551315354272,0.33333333333333326,64.87550919499412,0.04241088282848204,0.019607843137254888,1.130560705000965,0.2515053643123003,0.08704577732365429,0.41955396256471517,67.80724217999604,0.06349027345888783,0.05878680838155152,0.019607843137254888
AridSteppe,BoilingMud,BoilingMud_Part2_03.png,0.20784147706743694,0.18361857600010512,0.34042553191489366,64.9080245544268,0.04440706642081906,0.019607843137254943,1.0518339599523687,0.25112741047668463,0.08296189922888372,0.4204545454545454,67.26075582065464,0.06349260691746587,0.05855755201458459,0.019607843137254888
AridSteppe,BoilingMud,BoilingMud_Part2_04.png,0.1973898083327187,0.16635743211073112,0.3284126811199477,65.05148792941768,0.041562321504456184,0.01568627450980392,1.082217481575583,0.24948653649177427,0.08371929073462225,0.41875,67.87240189250825,0.06336949843821255,0.058702164065988285,0.019607843137254888
AridSteppe,BoilingMud,BoilingMud_Part2_05.png,0.1973821370027812,0.16689887589411506,0.32307692307692304,65.2369626932032,0.04063286482862384,0.011764705882352955,1.1421748347653309,0.2514635645730096,0.08981599776052668,0.42071068124474353,67.76461403521391,0.0638622760149638,0.05911328897948946,0.019607843137254888
AridSteppe,BoilingMud,BoilingMud_Part2_06.png,0.1949145719479542,0.16326929982633748,0.326797385620915,65.01534836920682,0.041020780535933866,0.011764705882352955,1.0688105236998255,0.24738460787632094,0.081837501926912,0.4257410636442895,67.26609661037645,0.06433008218288491,0.059332250912754236,0.019607843137254888
AridSteppe,GiantMachineWreck,GiantMachineWreck_Part1.png,0.20365801812872888,0.31263870114721737,0.4327485380116959,65.8553919090247,0.06069253448180194,0.027450980392156876,0.6872730214069962,0.24860228252449168,0.09267709988447112,0.42598071444225294,67.64906194994526,0.06561131574551482,0.06068206897013779,0.023529411764705882
AridSteppe,GiantMachineWreck,GiantMachineWreck_Part2.png,0.15214560435844976,0.31142698696194726,0.430810147299509,63.15191039072646,0.05278329359989214,0.027450980392156876,0.790912382543592,0.25704233078166666,0.10416132915585674,0.43209876543209874,67.9699468468218,0.06711690114555961,0.06221651067866993,0.02745098039215685
AridSteppe,GiantMachineWreck,GiantMachineWreck_Part3.png,0.19120562104973512,0.3094687107605633,0.43076923076923074,65.21589059934408,0.05847690076504055,0.03137254901960784,0.6560304922107427,0.260519645207658,0.08836859281954304,0.42944785276073616,68.1872126360312,0.06678020897018218,0.06199894109217174,0.023529411764705882
Desert,AcidLake,AcidLake_Part1_00.png,0.24247090217793205,0.2448570296406642,0.35616438356164376,96.81402147875932,0.05950334810752821,0.0039215686274509665,1.4044563066478657,0.43597718587352186,0.11085584283855049,0.47453649126567354,70.93319107000792,0.09007478096892844,0.08513312614873839,0.007843137254901988
Desert,AcidLake,AcidLake_Part1_01.png,0.2259874899976114,0.2575861533776661,0.35593220338983056,97.27984046113086,0.058284342397719915,0.0039215686274509665,1.3954994398323983,0.4337311297774699,0.1213759126896009,0.47417840375586856,70.71827647056399,0.08988062248958478,0.0848388887425399,0.007843137254901988
Desert,AcidLake,AcidLake_Part1_02.png,0.22799246067486953,0.25423199670659286,0.35668789808917206,96.54187560811079,0.058690046067145805,0.0039215686274509665,1.492311420633327,0.43601629695293287,0.12355675541944094,0.4739336492890995,70.41452186250682,0.0899554712049412,0.08475086750798307,0.0117647058823529
Desert,AcidLake,AcidLake_Part1_03.png,0.2413640766804525,0.2538463700268996,0.35757575757575755,96.08824365447123,0.059457017914183466,0.0039215686274509665,1.3500961711835966,0.43590047381031005,0.10603393520327209,0.47180411278354883,70.55515887548039,0.08943179110448551,0.08433081739730532,0.007843137254901988
Desert,AcidLake,AcidLake_Part1_04.png,0.23298547476595963,0.2585964145604926,0.3565891472868217,96.80399452932762,0.0588112084811754,0.0039215686274509665,1.4702450956087443,0.43547423594304796,0.12269458711014825,0.4719120443419509,70.71127109139871,0.08966145796144159,0.08462839731709478,0.0117647058823529
Desert,AcidLake,AcidLake_Part1_05.png,0.23209641808715903,0.25696599178917745,0.35294117647058826,97.3114201666071,0.0585869171883335,0.0039215686274509665,1.3870077845365971,0.43416048322406264,0.11357272503399302,0.4693909068445763,70.7254751168777,0.08886404105311506,0.08388301721883698,0.0117647058823529
Desert,AcidLake,AcidLake_Part1_06.png,0.223740581118117,0.26315633838517133,0.3548387096774194,97.71078698631746,0.05806465916809305,0.0039215686274509665,1.4711698623608505,0.4365746606224282,0.12606685572123705,0.4744186046511628,70.75857725080083,0.09019321464904538,0.0851548742057415,0.0117647058823529
Desert,AcidLake,AcidLake_Part2_00.png,0.23298547476595963,0.2454719274323723,0.34306569343065685,99.07070073704989,0.056935953192458595,0.0039215686274509665,1.097024525834893,0.43717423146979767,0.08877193133832534,0.481651376146789,70.4518945727175,0.09156575746506256,0.08628798918145071,0.0117647058823529
Desert,AcidLake,AcidLake_Part2_01.png,0.22106722345667612,0.27172874271513625,0.3401360544217687,99.40770918028034,0.056440098077612036,0.0039215686274509665,1.1570356893914004,0.43843598756206253,0.10491607590031138,0.47926267281105994,70.46146596387098,0.09129180724224399,0.08603493079517768,0.011764705882352955
Desert,AcidLake,AcidLake_Part2_02.png,0.23163632244063864,0.26341557141363575,0.3443708609271523,97.72535621907167,0.05732201929930963,0.0039215686274509665,1.1141406553645672,0.437802118673796,0.09527858327823863,0.47787610619469023,70.40598718857676,0.09104915798529159,0.08577672896418789,0.0117647058823529
Desert,AcidLake,AcidLake_Part2_03.png,0.22813293401590493,0.2636046813269184,0.34090909090909094,99.01275463099557,0.056788234982723916,0.0039215686274509665,1.1004837449053928,0.43861104071140117,0.09300601276419618,0.4780737354750513,70.60269106382864,0.09107681330198292,0.08590713470731433,0.011764705882352955
Desert,AcidLake,AcidLake_Part2_04.png,0.21854345483811932,0.2693859329778783,0.33884297520661155,99.48553301968381,0.056234766725830394,0.0039215686274509665,1.1368225294223042,0.4378161709237543,0.09722405638947551,0.4770642201834862,70.51688708288997,0.09077126300838026,0.08557368549113333,0.011764705882352955
Desert,AcidLake,AcidLake_Part2_05.png,0.2245975203945145,0.2623537671301734,0.34090909090909094,98.74761328869845,0.05645811862989776,0.0039215686274509665,1.1123157339268255,0.4380162900235921,0.09647992868703731,0.4796380090497738,70.34195351541439,0.09135428059170034,0.08602989026005121,0.011764705882352955
Desert,AcidLake,AcidLake_Part2_06.png,0.2150953532671248,0.2762765059804164,0.33858267716535434,99.24646829794274,0.055944731321523965,0.0039215686274509665,1.1538998206410103,0.43861104071140117,0.09776895235476801,0.4790697674418605,70.36463426135096,0.09116516994766867,0.08586393503740862,0.011764705882352955
Desert,Canyon,Canyon_Part1.png,0.40774134448062466,0.3074527308510738,0.49321266968325794,69.6413204650725,0.09083261524570715,0.019607843137254888,0.5338740411967623,0.43103426713484566,0.07525277327124552,0.4798206278026906,70.2768866531651,0.09118400829363044,0.08583465127157335,0.01568627450980392
Desert,Canyon,Canyon_Part2.png,0.40837185766011974,0.2990859033862092,0.49047619047619045,69.59573487785605,0.09036219214742072,0.019607843137254888,0.43108595866455174,0.43622188605174156,0.05812721462687864,0.47926267281105994,70.43259523178807,0.09130818256525439,0.08603496489277689,0.011764705882352955
Desert,Canyon,Canyon_Part3.png,0.39982344710469553,0.3048615382279294,0.4900990099009901,69.68161572902086,0.08995637120111238,0.019607843137254888,0.4384041723893,0.43882766321698424,0.05866732889691334,0.4790697674418605,70.51405004251423,0.09153430614253592,0.0862915248617189,0.01568627450980392
Desert,BoilingMud,BoilingMud_Part1_00.png,0.28316972299721216,0.24521539945115564,0.37748344370860926,66.57473418606332,0.05451582607822003,0.01568627450980392,0.7991081637443386,0.4346337810607911,0.05780198555894944,0.4718303650149886,70.01881877363981,0.08930828270957483,0.08393236227826839,0.01568627450980392
Desert,BoilingMud,BoilingMud_Part1_01.png,0.2833888046089026,0.253786447025953,0.3733333333333333,66.3174943547186,0.05363208113353437,0.01568627450980392,0.831500448138691,0.4332877073398762,0.059368272073129225,0.4620844564240791,69.91898383180174,0.08764482311236106,0.08231672476114332,0.01568627450980392
Desert,BoilingMud,BoilingMud_Part1_02.png,0.2791585758588216,0.26470944137795865,0.37414965986394555,66.60791113029018,0.05386023767688511,0.01568627450980392,0.807826192598312,0.4361177683117232,0.05832233786436414,0.47196261682242996,70.50090041439853,0.08961643007037567,0.08447663537093517,0.01568627450980392
Desert,BoilingMud,BoilingMud_Part1_03.png,0.2850037280043035,0.28855926186084135,0.3742331288343557,66.62144168128044,0.05325611921251287,0.019607843137254888,0.7949641854612486,0.4346337810607911,0.05617611400011441,0.46698113207547176,70.12045568622374,0.0886465876054633,0.08336410102289551,0.01568627450980392
Desert,BoilingMud,BoilingMud_Part1_04.png,0.283991430801913,0.26192281246525667,0.37254901960784315,66.12732845055734,0.053713602115053924,0.019607843137254888,0.864274400696983,0.43449892984175137,0.0606985924265353,0.46948356807511743,70.13913725697405,0.08938160845896909,0.08406522721723217,0.01568627450980392
Desert,BoilingMud,BoilingMud_Part1_05.png,0.2808396854014451,0.255971506070118,0.37414965986394555,66.30338197724592,0.05406536423853581,0.01568627450980392,0.8345830393531635,0.435939607642134,0.05979890512124125,0.4666666666666667,70.20360018321277,0.08856447214630163,0.08333049355117496,0.01568627450980392
Desert,BoilingMud,BoilingMud_Part1_06.png,0.28236639082216564,0.24275656213318572,0.37425106734115443,66.19503079648341,0.054676395644460474,0.01568627450980392,0.7910130992208678,0.4347185643195004,0.05590446079310335,0.46933894043566293,69.92172004413804,0.08922741999364164,0.0838045754759317,0.01568627450980392
Desert,BoilingMud,BoilingMud_Part2_00.png,0.27475157231285985,0.24696624130552794,0.3703703703703703,66.19060816484524,0.05356929213829719,0.011764705882352955,0.9307812877653819,0.4355672741333548,0.06920027529279321,0.4790697674418605,70.29348573370314,0.09109817396068595,0.08576275547093276,0.011764705882352955
Desert,BoilingMud,BoilingMud_Part2_01.png,0.2694923470908555,0.2585218353729204,0.3708609271523179,65.96338262030831,0.05319958795810477,0.01568627450980392,0.98793879736404,0.4372998241900548,0.07074572259481404,0.48156642881413525,70.50232830181257,0.09147566624235404,0.08622999919899414,0.011764705882352955
Desert,BoilingMud,BoilingMud_Part2_02.png,0.27518236616823905,0.26045926110475215,0.3642857142857144,66.06895725300502,0.052639322393742305,0.01568627450980392,0.9930393685798169,0.43917167349555764,0.07123431089156379,0.4785709426517608,70.6524628015072,0.09087373190595943,0.08574176560894502,0.011764705882352955
Desert,BoilingMud,BoilingMud_Part2_03.png,0.2816967818564434,0.27238440219565063,0.36879432624113484,65.96225383754569,0.053037217730254854,0.019607843137254888,0.9843498334795279,0.4390112528377027,0.07140304609513554,0.47887323943661975,70.49207740922104,0.09114548435738305,0.08591330743544809,0.011764705882352955
Desert,BoilingMud,BoilingMud_Part2_04.png,0.2820946153612751,0.2536915963061329,0.3584905660377358,66.0136159232194,0.05250239352924678,0.01568627450980392,1.0843443428896082,0.43955415311487034,0.073443035261131,0.47945205479452047,70.50123676446422,0.09113377554618164,0.08590713470731433,0.011764705882352955
Desert,BoilingMud,BoilingMud_Part2_05.png,0.26887960428178886,0.25158748603768866,0.36774193548387085,65.99777032119614,0.05330256034028355,0.01568627450980392,0.9838013596580656,0.43958158935258096,0.07098909939058401,0.47641509433962265,70.39785387659619,0.09052580691184434,0.08527937355588569,0.011764705882352955
Desert,BoilingMud,BoilingMud_Part2_06.png,0.2683365252274055,0.24226665961347335,0.367816091954023,65.89848039035532,0.05387836527108645,0.011764705882352955,0.9729238113026983,0.43923275127811834,0.06608395441400827,0.4774774774774775,70.16832154014779,0.09072476869461214,0.08534418561011631,0.011764705882352955
Desert,GiantMachineWreck,GiantMachineWreck_Part1.png,0.4117922364136111,0.45391209928019804,0.4954954954954955,69.19555251732238,0.0924404451840879,0.019607843137254943,0.5920059706563849,0.44103296580297374,0.07626529152258626,0.48190008190008193,70.40175990484836,0.09218344053540273,0.08684304697645137,0.011764705882352955
Desert,GiantMachineWreck,GiantMachineWreck_Part2.png,0.2660785957219184,0.4522326363929065,0.49321266968325794,66.65875920721483,0.08586844678993895,0.027450980392156876,0.7042903992159957,0.45400794105079034,0.08308074996773729,0.4823008849557522,70.6032198292667,0.0936549041938414,0.08833917571773865,0.01568627450980392
Desert,GiantMachineWreck,GiantMachineWreck_Part3.png,0.3955098449552481,0.45046183560816533,0.49137931034482757,68.97773638998198,0.0912748724753426,0.023529411764705854,0.534729788998225,0.448025742652332,0.0673338961641553,0.4796380090497738,70.63411546355499,0.09235407412713416,0.08712870540962256,0.011764705882352955
