key,name,slot,effects_changed,ready_before,ready_after,winning_family_after,ready_U,ready_score,ready_margin,ready_alternative,ready_host,ready_existing_attachment,ready_context,ready_operator_fate,ready_probability,ready_available_budget
neutral.mutator.dermal-plating,Dermal Plating,1,False,True,True,READY,1.7058340631439348,0.5206287198924273,0.18330152772333652,Reactive Marrow,Iron Husk,Flamer,known-bio-melee-wounded-melee,3,0.63671875,"{'human': 1, 'energy': 1, 'materials': 0, 'tech': 1}"
neutral.mutator.reactive-marrow,Reactive Marrow,1,False,True,True,READY,2.3554185923948,0.27270929619740014,0.041460192932513434,Pain Suppression,Ash Drifter,Twin SMG,known-armored-wounded-melee,4,0.5,all-authored-costs-affordable
neutral.mutator.reinforced-skeleton,Reinforced Skeleton,1,False,True,True,READY,6.041519171522466,3.3169996510642483,1.3505583887617254,Predator Reflexes,Medium infantry,Flamer,known-bio-melee-wounded-melee,3,0.63671875,all-authored-costs-affordable
neutral.mutator.pain-suppression,Pain Suppression,1,False,True,True,READY,2.2571337727808016,0.22356688639040082,0.1918435967159723,Survivor Strain,Flamer,Plasma Gun,known-armored-wounded-melee,4,0.5,all-authored-costs-affordable
neutral.mutator.regenerative-culture,Regenerative Culture,1,True,False,True,READY,3.940285257456125,1.3266527022869554,1.0048095143554883,Neural Accelerator,Rad Brute,Grenade Launcher,known-ranged-distance1,4,0.5,all-authored-costs-affordable
neutral.mutator.hyper-regeneration,Hyper-Regeneration,1,True,False,True,READY,3.0237950395827644,0.4565532453864579,0.2426484686260718,Neural Accelerator,Scout,Heavy MG,known-ranged-distance1,4,0.5,all-authored-costs-affordable
neutral.mutator.survivor-strain,Survivor Strain,1,True,False,True,READY,3.9141047184780104,1.1560822788041512,0.5184970688573534,Pain Suppression,Tech Scrapper,Shotgun,known-heavy-infantry-wounded-melee,4,0.5,all-authored-costs-affordable
neutral.mutator.adrenal-surge,Adrenal Surge,1,False,True,True,READY,2.160583335617105,0.8287513619156289,0.703087299415629,Metabolic Overdrive,Tech Scrapper,Plasma Gun,attack-route12,4,0.74609375,all-authored-costs-affordable
neutral.mutator.metabolic-overdrive,Metabolic Overdrive,1,False,True,True,READY,2.4,1.8280636160714283,1.149659649370117,Adrenal Surge,Ash Drifter,Recoil Cannon,long-march,3,0.85546875,all-authored-costs-affordable
neutral.mutator.predator-reflexes,Predator Reflexes,1,False,True,True,READY,5.205176289592375,2.7844844567103233,1.0530196886096141,Chameleon Tissue,Medium infantry,Twin SMG,known-ranged-distance1,3,0.63671875,all-authored-costs-affordable
neutral.mutator.neural-accelerator,Neural Accelerator,1,True,False,True,READY,4.940743455113447,1.543943156128152,1.1190410372293371,Regenerative Culture,Flamer,Grenade Launcher,known-ranged-distance1,4,0.5,all-authored-costs-affordable
neutral.mutator.rapid-synapse,Rapid Synapse,1,False,True,True,READY,1.7999999999999998,0.18032714843749975,0.18032714843749975,Не изготовлять,Ash Drifter,Recoil Cannon,attack-solo-route12,4,0.74609375,all-authored-costs-affordable
neutral.mutator.hunter-glands,Hunter Glands,1,False,False,False,new Unit Scout,0.23743935,-0.41432572636718745,-0.41432572636718745,Не изготовлять,Rad Brute,Mobility Harness,active-defence,3,0.63671875,all-authored-costs-affordable
neutral.mutator.enhanced-senses,Enhanced Senses,1,True,False,True,READY,2.410596466427031,0.08123231006919487,0.011954106907387185,Neural Accelerator,Iron Husk,Heavy MG,known-ranged-distance1,3,0.36328125,all-authored-costs-affordable
neutral.mutator.wanderer-strain,Wanderer Strain,1,True,False,True,READY,3.662874296230605,1.1086869470383325,0.8563160131553441,Metabolic Overdrive,Rad Brute,Portable Mortar,attack-route12,4,0.5,all-authored-costs-affordable
neutral.mutator.chameleon-tissue,Chameleon Tissue,1,True,False,True,READY,1.7655126277276099,0.19862718093593904,0.034151120617715525,Predator Reflexes,Flamer,Shock Rifle,known-ranged-wounded-melee,3,0.63671875,all-authored-costs-affordable
neutral.mutator.fortunate-genome,Fortunate Genome,1,False,False,False,none found,0.4125,-0.30415039062500004,-0.30415039062500004,Не изготовлять,Vector Vance,,commander-authored-strong-army,4,0.74609375,all-authored-costs-affordable
neutral.mutator.ghost-genome,Ghost Genome,1,False,False,False,none found,0.04125,-0.5395068359375,-0.5395068359375,Не изготовлять,Dorian Kesh,,reserve-reference,3,0.36328125,all-authored-costs-affordable
neutral.mutator.hunter-genome,Hunter Genome,1,False,False,False,new Hero Scout,0.16,-0.495,-0.495,Не изготовлять,Dorian Kesh,,unexplored-map,4,0.5,all-authored-costs-affordable
neutral.mutator.reflex-genome,Reflex Genome,1,False,False,False,known field route,0.8999999999999999,-0.18500000000000005,-0.18500000000000005,Не изготовлять,Vector Vance,,attack-route12,4,0.5,all-authored-costs-affordable
neutral.equipment.bio.flamer,Flamer,0,False,True,True,READY,15.638270703792573,14.04688031132014,9.920534451783638,Incendiary Rifle,Heavy Infantry,Metabolic Overdrive,known-bio-melee-distance1,4,0.91015625,all-authored-costs-affordable
neutral.equipment.bio.at-launcher,AT Launcher,0,False,True,True,READY,6.976101776212687,4.602420800667613,1.1298880973269032,Recoil Cannon,Flamer,Regenerative Culture,known-armored-distance2,4,0.74609375,all-authored-costs-affordable
neutral.equipment.bio.claws,Claws,0,False,True,True,READY,5.040358146372485,3.936807499101015,1.4072658445189812,AT Launcher,Rad Brute,Wanderer Strain,known-armored-distance1,3,0.85546875,all-authored-costs-affordable
neutral.equipment.bio.heavy-mg,Heavy MG,0,False,True,True,READY,10.949554687500001,9.141940477643695,0.952056959152225,Recoil Cannon,Ash Drifter,Neural Accelerator,known-bio-melee-distance2,3,0.85546875,all-authored-costs-affordable
neutral.equipment.bio.plasma-gun,Plasma Gun,0,False,True,True,READY,6.222495356703968,1.1375832741992893,0.2564441551884491,Grenade Launcher,AT Infantry,,known-heavy-infantry-distance2,4,0.25390625,"{'human': 0, 'energy': 1, 'materials': 1, 'tech': 2}"
neutral.equipment.infantry.ballistic-shield,Ballistic Shield,0,False,True,True,READY,1.2738861450206453,0.4314494756231303,0.08988480760534112,Shotgun,Heavy Infantry,Pain Suppression,known-ranged-wounded-melee,3,0.85546875,all-authored-costs-affordable
neutral.equipment.infantry.ceramic-vest,Ceramic Vest,0,False,True,True,READY,2.5663464047284794,1.6896262515834772,1.5174246710836912,Assault Rifle Kit,Ash Walker,Reactive Marrow,known-ranged-wounded-melee,4,0.74609375,all-authored-costs-affordable
neutral.equipment.infantry.assault-rifle-kit,Assault Rifle Kit,0,False,True,True,READY,4.2113671875,3.5276316397530683,1.375924072265624,AA Launcher,Ash Walker,Reactive Marrow,known-bio-melee-distance2,3,0.85546875,all-authored-costs-affordable
neutral.equipment.infantry.marksman-rifle,Marksman Rifle,0,False,True,True,READY,8.984250000000001,8.14068178013393,8.14068178013393,Не изготовлять,Flamer,Regenerative Culture,known-bio-melee-distance3,4,0.91015625,all-authored-costs-affordable
neutral.equipment.infantry.optical-scope,Optical Scope,0,False,True,True,READY,22.390435546875,19.07925652531215,9.546257951393722,Grenade Launcher,Flamer,Wanderer Strain,known-bio-melee-distance2,3,0.85546875,all-authored-costs-affordable
neutral.equipment.infantry.mobility-harness,Mobility Harness,0,False,True,True,READY,2.6999999999999997,2.271032366071428,0.04520833109783107,Marksman Rifle,Hooded,Chameleon Tissue,attack-route12,4,0.91015625,all-authored-costs-affordable
neutral.equipment.infantry.shotgun,Shotgun,0,False,True,True,READY,4.63192502,3.887405723024553,1.0461675389843745,Recoil Cannon,Scout,Survivor Strain,active-defence,3,0.85546875,all-authored-costs-affordable
neutral.equipment.infantry.grenade-launcher,Grenade Launcher,0,False,True,True,READY,2.5906279886322015,1.5731900027715446,0.796876058239183,Marksman Rifle,Heavy Infantry,Survivor Strain,attack-route12,4,0.74609375,all-authored-costs-affordable
neutral.equipment.infantry.shock-rifle,Shock Rifle,0,True,False,True,READY,2.3625606580481695,1.0938178165167511,0.5419711224528493,Assault Rifle Kit,AT Infantry,Adrenal Surge,known-heavy-infantry-distance2,3,0.63671875,"{'human': 0, 'energy': 1, 'materials': 1, 'tech': 2}"
neutral.equipment.infantry.incendiary-rifle,Incendiary Rifle,0,False,True,True,READY,6.27729503631592,4.231045459572759,0.7346120957806725,Recoil Cannon,Heavy Infantry,Pain Suppression,known-bio-melee-distance2,4,0.74609375,all-authored-costs-affordable
neutral.equipment.infantry.rail-rifle,Rail Rifle,0,False,True,True,READY,2.8667765362377886,2.166478922405091,1.476862148456956,Plasma Gun,Heavy Infantry,Neural Accelerator,known-armored-distance2,4,0.74609375,"{'human': 0, 'energy': 1, 'materials': 1, 'tech': 2}"
neutral.equipment.infantry.twin-smg,Twin SMG,0,True,False,True,READY,6.829695779662208,0.5564926621957758,0.17481580948497122,Assault Rifle Kit,AT Infantry,Adrenal Surge,known-armored-distance1,4,0.25390625,all-authored-costs-affordable
neutral.equipment.infantry.portable-mortar,Portable Mortar,0,False,True,True,READY,15.765785156249999,11.310348634992325,3.169666854858395,Marksman Rifle,AT Infantry,Wanderer Strain,known-bio-melee-distance3,4,0.74609375,all-authored-costs-affordable
neutral.equipment.infantry.recoil-cannon,Recoil Cannon,0,False,True,True,READY,7.502330082121843,4.995036450779523,2.30425652371186,Heavy MG,Hooded,Enhanced Senses,known-ranged-distance2,4,0.74609375,all-authored-costs-affordable
neutral.equipment.infantry.aa-launcher,AA Launcher,0,True,False,True,READY,3.0621933990885406,1.8322782224226444,0.5313076906982088,Optical Scope,Ash Walker,Hyper-Regeneration,two-visible-air-armies,4,0.74609375,all-authored-costs-affordable
neutral.equipment.mechanical.armor-plate,Armor Plate,0,False,True,True,READY,2.0379504443882475,1.1992393619983686,1.1992393619983686,Не изготовлять,Boomstick,,known-ranged-wounded-melee,4,0.74609375,"{'human': 0, 'energy': 1, 'materials': 0, 'tech': 1}"
neutral.equipment.mechanical.reinforced-chassis,Reinforced Chassis,0,False,True,True,READY,4.726813229511662,4.265749094494152,2.1742641705448396,Reactive Armor,Ash Howitzer,,known-ranged-distance1,4,0.91015625,all-authored-costs-affordable
neutral.equipment.mechanical.servo-actuators,Servo Actuators,0,False,True,True,READY,1.2,0.12566406249999992,0.12566406249999992,Не изготовлять,Salvage Drone,,attack-route12,4,0.91015625,all-authored-costs-affordable
neutral.equipment.mechanical.ceramic-plating,Ceramic Plating,0,False,True,True,READY,2.024801478763694,0.7910639162633268,0.010170065833062347,Reinforced Chassis,Light Tank,,known-ranged-distance1,4,0.74609375,all-authored-costs-affordable
neutral.equipment.mechanical.reactive-armor,Reactive Armor,0,False,True,True,READY,1.1785076124150504,0.19985612155818763,0.08273679275279239,Plasma Cannon,Crawler,,known-ranged-distance2,3,0.85546875,all-authored-costs-affordable
neutral.equipment.mechanical.nuclear-engine,Nuclear Engine,0,True,False,True,READY,1.7999999999999998,0.2349999999999998,0.2349999999999998,Не изготовлять,Ash Howitzer,,attack-route12,4,0.5,"{'human': 0, 'energy': 3, 'materials': 0, 'tech': 4}"
neutral.equipment.vehicle.turbocharger,Turbocharger,0,False,True,True,READY,1.5568200209835479,0.3634753064969461,0.25363460785502606,Double Barrel,Ash Howitzer,,attack-route12,3,0.85546875,all-authored-costs-affordable
neutral.equipment.armored.artillery-cannon,Artillery Cannon,0,False,True,True,READY,2.1056835937500002,0.4528649912561694,0.4528649912561694,Не изготовлять,RC Vehicle,,known-heavy-infantry-distance3,4,0.74609375,all-authored-costs-affordable
neutral.equipment.armored.at-vh-launcher,AT VH Launcher,0,False,True,True,READY,4.79361679004664,2.2224368066089375,1.948811756796055,Plasma Cannon,Medium Tank,,known-armored-distance1,3,0.63671875,all-authored-costs-affordable
neutral.equipment.armored.double-barrel,Double Barrel,0,False,True,True,READY,17.901177491078556,3.2947688384155933,3.2947688384155933,Не изготовлять,Artillery Tank,,known-bio-melee-distance2,4,0.25390625,all-authored-costs-affordable
neutral.equipment.armored.plasma-cannon,Plasma Cannon,0,False,True,True,READY,10.137870683285291,3.6925067702140737,2.7629774776209635,Rail Cannon,RC Vehicle,,known-heavy-infantry-distance2,4,0.5,all-authored-costs-affordable
neutral.equipment.vehicle.autocannon,Autocannon,0,False,True,True,READY,2.59116064453125,0.8652881664633753,0.07077728245088044,HE Cannon,Bastion Frame,,known-armored-distance2,3,0.63671875,all-authored-costs-affordable
neutral.equipment.vehicle.he-cannon,HE Cannon,0,False,True,True,READY,7.087980935096743,4.835893141866264,3.3397959826047305,Mortar Rack,Monolith,,known-ranged-distance1,4,0.74609375,all-authored-costs-affordable
neutral.equipment.vehicle.flame-projector,Flame Projector,0,False,True,True,READY,12.35334375,8.61434742954799,5.50573452758789,HE Cannon,Crawler,,known-bio-melee-distance1,4,0.74609375,all-authored-costs-affordable
neutral.equipment.vehicle.rail-cannon,Rail Cannon,0,False,True,True,READY,9.180195556640626,1.080457019124713,1.080457019124713,Не изготовлять,Bastion Frame,,known-armored-distance1,4,0.25390625,all-authored-costs-affordable
neutral.equipment.vehicle.shock-projector,Shock Projector,0,False,True,True,READY,3.6307004496607633,2.7064377796855137,2.2965148587469524,Armor Plate,Artillery Tank,,known-heavy-infantry-wounded-melee,4,0.74609375,"{'human': 0, 'energy': 2, 'materials': 1, 'tech': 2}"
neutral.equipment.vehicle.aa-mount,AA Mount,0,False,True,True,READY,2.7490869140625005,0.8890142233882639,0.7779316625968999,Double Barrel,Ash Howitzer,,two-visible-air-armies,3,0.63671875,all-authored-costs-affordable
neutral.equipment.vehicle.dozer-blade,Dozer Blade,0,False,True,True,READY,2.222390959862707,0.6096247931623087,0.409768671604121,Reactive Armor,Crawler,,known-ranged-distance1,3,0.63671875,all-authored-costs-affordable
neutral.equipment.vehicle.siege-ram,Siege Ram,0,False,True,True,READY,1.4962324218749998,0.1431162109374999,0.01369946479797346,Dozer Blade,Bastion Frame,,known-armored-distance1,4,0.5,"{'human': 0, 'energy': 1, 'materials': 2, 'tech': 2}"
neutral.equipment.vehicle.spiked-ram,Spiked Ram,0,False,True,True,READY,2.613111946379941,1.934268945832276,1.601252730879224,Dozer Blade,Scrap Mortar,,known-heavy-infantry-distance1,4,0.74609375,"{'human': 0, 'energy': 1, 'materials': 2, 'tech': 1}"
neutral.equipment.vehicle.mortar-rack,Mortar Rack,0,False,True,True,READY,15.86281640625,11.382743044172013,11.382743044172013,Не изготовлять,Monolith,,known-bio-melee-distance3,4,0.74609375,all-authored-costs-affordable
neutral.equipment.vehicle.assault-conversion-kit,Assault Conversion Kit,0,True,False,True,READY,2.5863360416354046,1.2672573650291288,1.0321708386732695,Reinforced Chassis,Colossus,,known-ranged-wounded-melee,4,0.74609375,all-authored-costs-affordable
