CardKey,Faction,CardType,AttachmentSlot,CombatUtility,StrategicUtility,EconomicUtility,DeploymentConstraints,RecommendedPointCost,FinalPointCost,CopyLimit,Rationale
neutral.facility.tactical,Shared,2,0,4.5,0.0,0,"AP 2; activation 0; resources {'human': 1, 'energy': 1, 'materials': 0, 'tech': 1}; building Barracks; aviation 0",1,1,4,Fixed authored baseline; host-dependent effects require Unity calibration report/playtesting.
neutral.facility.intel,Shared,2,0,4.5,0.0,0,"AP 2; activation 0; resources {'human': 1, 'energy': 1, 'materials': 0, 'tech': 1}; building Barracks; aviation 0",1,1,4,Fixed authored baseline; host-dependent effects require Unity calibration report/playtesting.
neutral.facility.lab,Shared,2,0,4.5,0.0,1,"AP 2; activation 0; resources {'human': 1, 'energy': 1, 'materials': 0, 'tech': 1}; building Barracks; aviation 0",1,1,4,Fixed authored baseline; host-dependent effects require Unity calibration report/playtesting.
neutral.facility.factory,Shared,2,0,4.5,0.0,1,"AP 2; activation 0; resources {'human': 1, 'energy': 1, 'materials': 0, 'tech': 1}; building Barracks; aviation 0",1,1,4,Fixed authored baseline; host-dependent effects require Unity calibration report/playtesting.
neutral.facility.aa_defence,Shared,2,0,8.5,0.0,0,"AP 3; activation 0; resources {'human': 2, 'energy': 1, 'materials': 1, 'tech': 1}; building Barracks; aviation 0",1,1,4,Fixed authored baseline; host-dependent effects require Unity calibration report/playtesting.
neutral.equipment.bio.flamer,Shared,5,0,0.0,0.0,0,"AP 1; activation 1; resources {'human': 2, 'energy': 1, 'materials': 0, 'tech': 0}; building Barracks; aviation 0",2,2,4,Fixed authored baseline; host-dependent effects require Unity calibration report/playtesting.
neutral.equipment.bio.plasma-gun,Shared,5,0,0.0,0.0,0,"AP 1; activation 1; resources {'human': 0, 'energy': 1, 'materials': 1, 'tech': 2}; building Barracks; aviation 0",1,1,4,Fixed authored baseline; host-dependent effects require Unity calibration report/playtesting.
neutral.equipment.bio.at-launcher,Shared,5,0,0.0,0.0,0,"AP 1; activation 1; resources {'human': 0, 'energy': 1, 'materials': 0, 'tech': 4}; building Barracks; aviation 0",1,1,4,Fixed authored baseline; host-dependent effects require Unity calibration report/playtesting.
neutral.equipment.bio.claws,Shared,5,0,0.0,0.0,0,"AP 1; activation 1; resources {'human': 0, 'energy': 2, 'materials': 0, 'tech': 2}; building Barracks; aviation 0",1,1,4,Fixed authored baseline; host-dependent effects require Unity calibration report/playtesting.
neutral.equipment.bio.heavy-mg,Shared,5,0,0.0,0.0,0,"AP 1; activation 1; resources {'human': 0, 'energy': 1, 'materials': 1, 'tech': 1}; building Barracks; aviation 0",1,1,4,Fixed authored baseline; host-dependent effects require Unity calibration report/playtesting.
neutral.equipment.mechanical.armor-plate,Shared,5,0,0.0,0.0,0,"AP 1; activation 1; resources {'human': 0, 'energy': 1, 'materials': 0, 'tech': 1}; building Barracks; aviation 0",1,1,4,Fixed authored baseline; host-dependent effects require Unity calibration report/playtesting.
neutral.equipment.armored.artillery-cannon,Shared,5,0,0.0,0.0,0,"AP 1; activation 1; resources {'human': 0, 'energy': 1, 'materials': 1, 'tech': 4}; building Barracks; aviation 0",1,1,4,Fixed authored baseline; host-dependent effects require Unity calibration report/playtesting.
neutral.equipment.armored.at-vh-launcher,Shared,5,0,0.0,0.0,0,"AP 1; activation 1; resources {'human': 0, 'energy': 1, 'materials': 1, 'tech': 4}; building Barracks; aviation 0",1,1,4,Fixed authored baseline; host-dependent effects require Unity calibration report/playtesting.
neutral.equipment.armored.double-barrel,Shared,5,0,0.0,0.0,0,"AP 1; activation 1; resources {'human': 0, 'energy': 2, 'materials': 1, 'tech': 4}; building Barracks; aviation 0",1,1,4,Fixed authored baseline; host-dependent effects require Unity calibration report/playtesting.
neutral.equipment.mechanical.nuclear-engine,Shared,5,0,0.0,0.0,0,"AP 1; activation 1; resources {'human': 0, 'energy': 3, 'materials': 0, 'tech': 4}; building Barracks; aviation 0",1,1,4,Fixed authored baseline; host-dependent effects require Unity calibration report/playtesting.
neutral.equipment.armored.plasma-cannon,Shared,5,0,0.0,0.0,0,"AP 1; activation 1; resources {'human': 0, 'energy': 4, 'materials': 1, 'tech': 4}; building Barracks; aviation 0",1,1,4,Fixed authored baseline; host-dependent effects require Unity calibration report/playtesting.
neutral.mutator.dermal-plating,Shared,5,1,0.0,0.0,0,"AP 1; activation 1; resources {'human': 1, 'energy': 1, 'materials': 0, 'tech': 1}; building None; aviation 0",1,1,4,Fixed authored baseline; host-dependent effects require Unity calibration report/playtesting.
neutral.mutator.reactive-marrow,Shared,5,1,0.0,0.0,0,"AP 1; activation 1; resources {'human': 1, 'energy': 1, 'materials': 0, 'tech': 1}; building None; aviation 0",1,1,4,Fixed authored baseline; host-dependent effects require Unity calibration report/playtesting.
neutral.mutator.reinforced-skeleton,Shared,5,1,0.0,0.0,0,"AP 1; activation 1; resources {'human': 1, 'energy': 1, 'materials': 0, 'tech': 2}; building None; aviation 0",1,1,4,Fixed authored baseline; host-dependent effects require Unity calibration report/playtesting.
neutral.mutator.pain-suppression,Shared,5,1,0.0,0.0,0,"AP 1; activation 1; resources {'human': 1, 'energy': 1, 'materials': 0, 'tech': 1}; building None; aviation 0",1,1,4,Fixed authored baseline; host-dependent effects require Unity calibration report/playtesting.
neutral.mutator.regenerative-culture,Shared,5,1,0.0,0.0,0,"AP 1; activation 1; resources {'human': 1, 'energy': 1, 'materials': 0, 'tech': 2}; building None; aviation 0",1,1,4,Fixed authored baseline; host-dependent effects require Unity calibration report/playtesting.
neutral.mutator.hyper-regeneration,Shared,5,1,0.0,0.0,0,"AP 1; activation 1; resources {'human': 2, 'energy': 1, 'materials': 0, 'tech': 2}; building None; aviation 0",2,2,4,Fixed authored baseline; host-dependent effects require Unity calibration report/playtesting.
neutral.mutator.survivor-strain,Shared,5,1,0.0,0.0,0,"AP 1; activation 1; resources {'human': 2, 'energy': 1, 'materials': 0, 'tech': 2}; building None; aviation 0",2,2,4,Fixed authored baseline; host-dependent effects require Unity calibration report/playtesting.
neutral.mutator.adrenal-surge,Shared,5,1,0.0,0.0,0,"AP 1; activation 1; resources {'human': 1, 'energy': 1, 'materials': 0, 'tech': 2}; building None; aviation 0",1,1,4,Fixed authored baseline; host-dependent effects require Unity calibration report/playtesting.
neutral.mutator.metabolic-overdrive,Shared,5,1,0.0,0.0,0,"AP 1; activation 1; resources {'human': 1, 'energy': 1, 'materials': 0, 'tech': 1}; building None; aviation 0",1,1,4,Fixed authored baseline; host-dependent effects require Unity calibration report/playtesting.
neutral.mutator.predator-reflexes,Shared,5,1,0.0,0.0,0,"AP 1; activation 1; resources {'human': 1, 'energy': 1, 'materials': 0, 'tech': 2}; building None; aviation 0",1,1,4,Fixed authored baseline; host-dependent effects require Unity calibration report/playtesting.
neutral.mutator.neural-accelerator,Shared,5,1,0.0,0.0,0,"AP 1; activation 1; resources {'human': 2, 'energy': 1, 'materials': 0, 'tech': 3}; building None; aviation 0",1,1,4,Fixed authored baseline; host-dependent effects require Unity calibration report/playtesting.
neutral.mutator.rapid-synapse,Shared,5,1,0.0,0.0,0,"AP 1; activation 1; resources {'human': 2, 'energy': 1, 'materials': 0, 'tech': 2}; building None; aviation 0",1,1,4,Fixed authored baseline; host-dependent effects require Unity calibration report/playtesting.
neutral.mutator.hunter-glands,Shared,5,1,0.0,0.0,0,"AP 1; activation 1; resources {'human': 1, 'energy': 1, 'materials': 0, 'tech': 1}; building None; aviation 0",1,1,4,Fixed authored baseline; host-dependent effects require Unity calibration report/playtesting.
neutral.mutator.enhanced-senses,Shared,5,1,0.0,0.0,0,"AP 1; activation 1; resources {'human': 1, 'energy': 1, 'materials': 0, 'tech': 2}; building None; aviation 0",2,2,4,Fixed authored baseline; host-dependent effects require Unity calibration report/playtesting.
neutral.mutator.wanderer-strain,Shared,5,1,0.0,0.0,0,"AP 1; activation 1; resources {'human': 1, 'energy': 1, 'materials': 0, 'tech': 2}; building None; aviation 0",1,1,4,Fixed authored baseline; host-dependent effects require Unity calibration report/playtesting.
neutral.mutator.chameleon-tissue,Shared,5,1,0.0,0.0,0,"AP 1; activation 1; resources {'human': 1, 'energy': 1, 'materials': 0, 'tech': 1}; building None; aviation 0",1,1,4,Fixed authored baseline; host-dependent effects require Unity calibration report/playtesting.
neutral.mutator.fortunate-genome,Shared,5,1,0.0,0.0,0,"AP 1; activation 1; resources {'human': 1, 'energy': 1, 'materials': 0, 'tech': 2}; building None; aviation 0",1,1,4,Fixed authored baseline; host-dependent effects require Unity calibration report/playtesting.
neutral.mutator.ghost-genome,Shared,5,1,0.0,0.0,0,"AP 1; activation 1; resources {'human': 1, 'energy': 1, 'materials': 0, 'tech': 2}; building None; aviation 0",1,1,4,Fixed authored baseline; host-dependent effects require Unity calibration report/playtesting.
neutral.mutator.hunter-genome,Shared,5,1,0.0,0.0,0,"AP 1; activation 1; resources {'human': 1, 'energy': 1, 'materials': 0, 'tech': 2}; building None; aviation 0",1,1,4,Fixed authored baseline; host-dependent effects require Unity calibration report/playtesting.
neutral.mutator.reflex-genome,Shared,5,1,0.0,0.0,0,"AP 1; activation 1; resources {'human': 2, 'energy': 1, 'materials': 0, 'tech': 3}; building None; aviation 0",1,1,4,Fixed authored baseline; host-dependent effects require Unity calibration report/playtesting.
neutral.equipment.infantry.ballistic-shield,Shared,5,0,0.0,0.0,0,"AP 1; activation 1; resources {'human': 0, 'energy': 0, 'materials': 1, 'tech': 0}; building None; aviation 0",1,1,4,Fixed authored baseline; host-dependent effects require Unity calibration report/playtesting.
neutral.equipment.infantry.ceramic-vest,Shared,5,0,0.0,0.0,0,"AP 1; activation 1; resources {'human': 0, 'energy': 0, 'materials': 1, 'tech': 1}; building None; aviation 0",1,1,4,Fixed authored baseline; host-dependent effects require Unity calibration report/playtesting.
neutral.equipment.infantry.assault-rifle-kit,Shared,5,0,0.0,0.0,0,"AP 1; activation 1; resources {'human': 0, 'energy': 1, 'materials': 1, 'tech': 0}; building None; aviation 0",1,1,4,Fixed authored baseline; host-dependent effects require Unity calibration report/playtesting.
neutral.equipment.infantry.marksman-rifle,Shared,5,0,0.0,0.0,0,"AP 1; activation 1; resources {'human': 0, 'energy': 0, 'materials': 1, 'tech': 1}; building None; aviation 0",1,1,4,Fixed authored baseline; host-dependent effects require Unity calibration report/playtesting.
neutral.equipment.infantry.shotgun,Shared,5,0,0.0,0.0,0,"AP 1; activation 1; resources {'human': 0, 'energy': 1, 'materials': 1, 'tech': 0}; building None; aviation 0",1,1,4,Fixed authored baseline; host-dependent effects require Unity calibration report/playtesting.
neutral.equipment.infantry.grenade-launcher,Shared,5,0,0.0,0.0,0,"AP 1; activation 1; resources {'human': 0, 'energy': 1, 'materials': 1, 'tech': 1}; building None; aviation 0",1,1,4,Fixed authored baseline; host-dependent effects require Unity calibration report/playtesting.
neutral.equipment.infantry.shock-rifle,Shared,5,0,0.0,0.0,0,"AP 1; activation 1; resources {'human': 0, 'energy': 1, 'materials': 1, 'tech': 2}; building None; aviation 0",1,1,4,Fixed authored baseline; host-dependent effects require Unity calibration report/playtesting.
neutral.equipment.infantry.incendiary-rifle,Shared,5,0,0.0,0.0,0,"AP 1; activation 1; resources {'human': 0, 'energy': 2, 'materials': 1, 'tech': 1}; building None; aviation 0",1,1,4,Fixed authored baseline; host-dependent effects require Unity calibration report/playtesting.
neutral.equipment.infantry.rail-rifle,Shared,5,0,0.0,0.0,0,"AP 1; activation 1; resources {'human': 0, 'energy': 1, 'materials': 1, 'tech': 2}; building None; aviation 0",1,1,4,Fixed authored baseline; host-dependent effects require Unity calibration report/playtesting.
neutral.equipment.infantry.twin-smg,Shared,5,0,0.0,0.0,0,"AP 1; activation 1; resources {'human': 0, 'energy': 2, 'materials': 1, 'tech': 3}; building None; aviation 0",1,1,4,Fixed authored baseline; host-dependent effects require Unity calibration report/playtesting.
neutral.equipment.infantry.portable-mortar,Shared,5,0,0.0,0.0,0,"AP 1; activation 1; resources {'human': 0, 'energy': 1, 'materials': 2, 'tech': 1}; building None; aviation 0",1,1,4,Fixed authored baseline; host-dependent effects require Unity calibration report/playtesting.
neutral.equipment.infantry.recoil-cannon,Shared,5,0,0.0,0.0,0,"AP 1; activation 1; resources {'human': 0, 'energy': 1, 'materials': 2, 'tech': 2}; building None; aviation 0",1,1,4,Fixed authored baseline; host-dependent effects require Unity calibration report/playtesting.
neutral.equipment.infantry.aa-launcher,Shared,5,0,0.0,0.0,0,"AP 1; activation 1; resources {'human': 0, 'energy': 1, 'materials': 1, 'tech': 2}; building None; aviation 0",1,1,4,Fixed authored baseline; host-dependent effects require Unity calibration report/playtesting.
neutral.equipment.mechanical.reinforced-chassis,Shared,5,0,0.0,0.0,0,"AP 1; activation 1; resources {'human': 0, 'energy': 0, 'materials': 2, 'tech': 0}; building None; aviation 0",1,1,4,Fixed authored baseline; host-dependent effects require Unity calibration report/playtesting.
neutral.equipment.mechanical.servo-actuators,Shared,5,0,0.0,0.0,0,"AP 1; activation 1; resources {'human': 0, 'energy': 1, 'materials': 1, 'tech': 1}; building None; aviation 0",1,1,4,Fixed authored baseline; host-dependent effects require Unity calibration report/playtesting.
neutral.equipment.mechanical.ceramic-plating,Shared,5,0,0.0,0.0,0,"AP 1; activation 1; resources {'human': 0, 'energy': 0, 'materials': 2, 'tech': 1}; building None; aviation 0",1,1,4,Fixed authored baseline; host-dependent effects require Unity calibration report/playtesting.
neutral.equipment.mechanical.reactive-armor,Shared,5,0,0.0,0.0,0,"AP 1; activation 1; resources {'human': 0, 'energy': 0, 'materials': 2, 'tech': 0}; building None; aviation 0",1,1,4,Fixed authored baseline; host-dependent effects require Unity calibration report/playtesting.
neutral.equipment.vehicle.turbocharger,Shared,5,0,0.0,0.0,0,"AP 1; activation 1; resources {'human': 0, 'energy': 1, 'materials': 1, 'tech': 0}; building None; aviation 0",1,1,4,Fixed authored baseline; host-dependent effects require Unity calibration report/playtesting.
neutral.equipment.vehicle.autocannon,Shared,5,0,0.0,0.0,0,"AP 1; activation 1; resources {'human': 0, 'energy': 1, 'materials': 2, 'tech': 1}; building None; aviation 0",1,1,4,Fixed authored baseline; host-dependent effects require Unity calibration report/playtesting.
neutral.equipment.vehicle.he-cannon,Shared,5,0,0.0,0.0,0,"AP 1; activation 1; resources {'human': 0, 'energy': 1, 'materials': 2, 'tech': 1}; building None; aviation 0",1,1,4,Fixed authored baseline; host-dependent effects require Unity calibration report/playtesting.
neutral.equipment.vehicle.flame-projector,Shared,5,0,0.0,0.0,0,"AP 1; activation 1; resources {'human': 0, 'energy': 2, 'materials': 2, 'tech': 1}; building None; aviation 0",1,1,4,Fixed authored baseline; host-dependent effects require Unity calibration report/playtesting.
neutral.equipment.vehicle.rail-cannon,Shared,5,0,0.0,0.0,0,"AP 1; activation 1; resources {'human': 0, 'energy': 2, 'materials': 2, 'tech': 3}; building None; aviation 0",1,1,4,Fixed authored baseline; host-dependent effects require Unity calibration report/playtesting.
neutral.equipment.vehicle.shock-projector,Shared,5,0,0.0,0.0,0,"AP 1; activation 1; resources {'human': 0, 'energy': 2, 'materials': 1, 'tech': 2}; building None; aviation 0",1,1,4,Fixed authored baseline; host-dependent effects require Unity calibration report/playtesting.
neutral.equipment.vehicle.aa-mount,Shared,5,0,0.0,0.0,0,"AP 1; activation 1; resources {'human': 0, 'energy': 1, 'materials': 2, 'tech': 2}; building None; aviation 0",1,1,4,Fixed authored baseline; host-dependent effects require Unity calibration report/playtesting.
neutral.equipment.vehicle.dozer-blade,Shared,5,0,0.0,0.0,0,"AP 1; activation 1; resources {'human': 0, 'energy': 0, 'materials': 2, 'tech': 1}; building None; aviation 0",1,1,4,Fixed authored baseline; host-dependent effects require Unity calibration report/playtesting.
neutral.equipment.vehicle.siege-ram,Shared,5,0,0.0,0.0,0,"AP 1; activation 1; resources {'human': 0, 'energy': 1, 'materials': 2, 'tech': 2}; building None; aviation 0",1,1,4,Fixed authored baseline; host-dependent effects require Unity calibration report/playtesting.
neutral.equipment.vehicle.spiked-ram,Shared,5,0,0.0,0.0,0,"AP 1; activation 1; resources {'human': 0, 'energy': 1, 'materials': 2, 'tech': 1}; building None; aviation 0",1,1,4,Fixed authored baseline; host-dependent effects require Unity calibration report/playtesting.
neutral.equipment.vehicle.mortar-rack,Shared,5,0,0.0,0.0,0,"AP 1; activation 1; resources {'human': 0, 'energy': 1, 'materials': 2, 'tech': 1}; building None; aviation 0",1,1,4,Fixed authored baseline; host-dependent effects require Unity calibration report/playtesting.
neutral.equipment.vehicle.assault-conversion-kit,Shared,5,0,0.0,0.0,0,"AP 1; activation 1; resources {'human': 0, 'energy': 1, 'materials': 2, 'tech': 2}; building None; aviation 0",2,2,4,Fixed authored baseline; host-dependent effects require Unity calibration report/playtesting.
neutral.equipment.infantry.optical-scope,Shared,5,0,0.0,0.0,0,"AP 1; activation 1; resources {'human': 0, 'energy': 0, 'materials': 1, 'tech': 1}; building None; aviation 0",1,1,4,Fixed authored baseline; host-dependent effects require Unity calibration report/playtesting.
neutral.equipment.infantry.mobility-harness,Shared,5,0,0.0,0.0,0,"AP 1; activation 1; resources {'human': 0, 'energy': 1, 'materials': 1, 'tech': 1}; building None; aviation 0",1,1,4,Fixed authored baseline; host-dependent effects require Unity calibration report/playtesting.
ashen.card.ashen-base,ashen,3,0,3.9,0.0,5,"AP 4; activation 0; resources {'human': 3, 'energy': 2, 'materials': 1, 'tech': 2}; building Barracks; aviation 0",2,2,4,Fixed authored baseline; host-dependent effects require Unity calibration report/playtesting.
ashen.card.miller-hayes,ashen,0,0,3.2,0.9,0,"AP 1; activation 1; resources {'human': 1, 'energy': 0, 'materials': 0, 'tech': 0}; building Barracks; aviation 0",3,3,4,Fixed authored baseline; host-dependent effects require Unity calibration report/playtesting.
ashen.card.hank-mercer,ashen,0,0,3.6,0.9,0,"AP 1; activation 1; resources {'human': 1, 'energy': 0, 'materials': 0, 'tech': 0}; building Barracks; aviation 0",3,3,4,Fixed authored baseline; host-dependent effects require Unity calibration report/playtesting.
ashen.card.rusty-miller,ashen,0,0,2.8,0.6,1,"AP 1; activation 1; resources {'human': 1, 'energy': 0, 'materials': 0, 'tech': 0}; building Barracks; aviation 0",3,3,4,Fixed authored baseline; host-dependent effects require Unity calibration report/playtesting.
ashen.card.nora-blackwell,ashen,0,0,3.2,2.2,0,"AP 1; activation 1; resources {'human': 1, 'energy': 0, 'materials': 0, 'tech': 0}; building Barracks; aviation 0",3,3,4,Fixed authored baseline; host-dependent effects require Unity calibration report/playtesting.
ashen.card.elena-hayes,ashen,0,0,3.6,0.9,0,"AP 1; activation 1; resources {'human': 1, 'energy': 0, 'materials': 0, 'tech': 0}; building Barracks; aviation 0",3,3,4,Fixed authored baseline; host-dependent effects require Unity calibration report/playtesting.
ashen.card.vera-sterling,ashen,0,0,3.6,0.9,0,"AP 1; activation 1; resources {'human': 1, 'energy': 0, 'materials': 0, 'tech': 0}; building Barracks; aviation 0",3,3,4,Fixed authored baseline; host-dependent effects require Unity calibration report/playtesting.
ashen.card.nova-sterling,ashen,0,0,2.8,0.6,1,"AP 1; activation 1; resources {'human': 1, 'energy': 0, 'materials': 0, 'tech': 0}; building Barracks; aviation 0",3,3,4,Fixed authored baseline; host-dependent effects require Unity calibration report/playtesting.
ashen.card.iri-vane,ashen,0,0,2.8,0.6,0,"AP 1; activation 1; resources {'human': 1, 'energy': 0, 'materials': 0, 'tech': 0}; building Barracks; aviation 0",3,3,4,Fixed authored baseline; host-dependent effects require Unity calibration report/playtesting.
ashen.card.hooded,ashen,1,0,6.9,2.6,0,"AP 1; activation 1; resources {'human': 0, 'energy': 1, 'materials': 0, 'tech': 0}; building Barracks; aviation 0",2,2,4,Fixed authored baseline; host-dependent effects require Unity calibration report/playtesting.
ashen.card.dust-runner,ashen,1,0,7.2,2.2,0,"AP 1; activation 1; resources {'human': 0, 'energy': 0, 'materials': 2, 'tech': 0}; building Barracks; aviation 0",2,2,4,Fixed authored baseline; host-dependent effects require Unity calibration report/playtesting.
ashen.card.tech-scrapper,ashen,1,0,4.6,0.6,1,"AP 1; activation 1; resources {'human': 0, 'energy': 0, 'materials': 0, 'tech': 1}; building Barracks; aviation 0",1,1,4,Fixed authored baseline; host-dependent effects require Unity calibration report/playtesting.
ashen.card.rad-hunter,ashen,1,0,8.0,0.9,0,"AP 4; activation 1; resources {'human': 0, 'energy': 2, 'materials': 0, 'tech': 1}; building Barracks; aviation 0",2,2,4,Fixed authored baseline; host-dependent effects require Unity calibration report/playtesting.
ashen.unit.ashdrifter,ashen,1,0,6.6,0.6,0,"AP 1; activation 1; resources {'human': 0, 'energy': 0, 'materials': 0, 'tech': 0}; building Barracks; aviation 0",1,1,4,Fixed authored baseline; host-dependent effects require Unity calibration report/playtesting.
ashen.card.ash-runner,ashen,1,0,6.5,0.9,0,"AP 1; activation 1; resources {'human': 1, 'energy': 0, 'materials': 0, 'tech': 0}; building Barracks; aviation 0",1,1,4,Fixed authored baseline; host-dependent effects require Unity calibration report/playtesting.
ashen.card.iron-husk,ashen,1,0,7.6,0.9,0,"AP 2; activation 1; resources {'human': 1, 'energy': 0, 'materials': 1, 'tech': 0}; building Barracks; aviation 0",2,2,4,Fixed authored baseline; host-dependent effects require Unity calibration report/playtesting.
ashen.card.scav-carrier,ashen,1,0,6.5,1.2,0,"AP 2; activation 1; resources {'human': 2, 'energy': 0, 'materials': 1, 'tech': 0}; building Barracks; aviation 0",2,2,4,Fixed authored baseline; host-dependent effects require Unity calibration report/playtesting.
ashen.card.rad-brute,ashen,1,0,8.8,0.9,0,"AP 3; activation 1; resources {'human': 1, 'energy': 2, 'materials': 0, 'tech': 1}; building Barracks; aviation 0",2,2,4,Fixed authored baseline; host-dependent effects require Unity calibration report/playtesting.
ashen.card.ash-walker,ashen,1,0,8.7,0.9,0,"AP 3; activation 1; resources {'human': 1, 'energy': 0, 'materials': 1, 'tech': 2}; building Barracks; aviation 0",2,2,4,Fixed authored baseline; host-dependent effects require Unity calibration report/playtesting.
ashen.card.grave-engine,ashen,1,0,10.7,0.9,0,"AP 5; activation 1; resources {'human': 0, 'energy': 2, 'materials': 2, 'tech': 3}; building Barracks; aviation 0",2,2,4,Fixed authored baseline; host-dependent effects require Unity calibration report/playtesting.
ashen.card.rust-tank,ashen,1,0,9.8,0.9,0,"AP 4; activation 1; resources {'human': 0, 'energy': 1, 'materials': 3, 'tech': 0}; building Barracks; aviation 0",2,2,4,Fixed authored baseline; host-dependent effects require Unity calibration report/playtesting.
ashen.card.boomstick,ashen,1,0,11.8,0.9,0,"AP 5; activation 1; resources {'human': 0, 'energy': 1, 'materials': 3, 'tech': 1}; building Barracks; aviation 0",2,2,4,Fixed authored baseline; host-dependent effects require Unity calibration report/playtesting.
ashen.card.leviathan,ashen,1,0,12.6,0.9,0,"AP 5; activation 2; resources {'human': 0, 'energy': 2, 'materials': 3, 'tech': 2}; building Barracks; aviation 0",2,2,4,Fixed authored baseline; host-dependent effects require Unity calibration report/playtesting.
ashen.card.scrap-mortar,ashen,1,0,7.6,0.9,0,"AP 3; activation 1; resources {'human': 0, 'energy': 2, 'materials': 1, 'tech': 2}; building Barracks; aviation 0",2,2,4,Fixed authored baseline; host-dependent effects require Unity calibration report/playtesting.
ashen.card.colossus,ashen,1,0,10.3,0.9,0,"AP 4; activation 1; resources {'human': 0, 'energy': 3, 'materials': 2, 'tech': 3}; building Barracks; aviation 0",2,2,4,Fixed authored baseline; host-dependent effects require Unity calibration report/playtesting.
ashen.card.ash-howitzer,ashen,1,0,11.8,0.6,0,"AP 4; activation 1; resources {'human': 0, 'energy': 4, 'materials': 3, 'tech': 5}; building Barracks; aviation 0",2,2,4,Fixed authored baseline; host-dependent effects require Unity calibration report/playtesting.
ashen.card.striker,ashen,1,0,13.0,4.0,0,"AP 2; activation 1; resources {'human': 0, 'energy': 2, 'materials': 0, 'tech': 2}; building Barracks; aviation 1",3,3,4,Fixed authored baseline; host-dependent effects require Unity calibration report/playtesting.
ashen.card.scrapwing,ashen,1,0,10.7,2.8,0,"AP 2; activation 1; resources {'human': 0, 'energy': 1, 'materials': 0, 'tech': 2}; building Barracks; aviation 1",2,2,4,Fixed authored baseline; host-dependent effects require Unity calibration report/playtesting.
vessels.01.relay-base,vessels,3,0,4.3,0.0,5,"AP 4; activation 0; resources {'human': 2, 'energy': 3, 'materials': 2, 'tech': 2}; building Barracks; aviation 0",2,2,4,Fixed authored baseline; host-dependent effects require Unity calibration report/playtesting.
vessels.02.mara-the-archivist,vessels,0,0,2.8,0.9,0,"AP 1; activation 1; resources {'human': 0, 'energy': 1, 'materials': 0, 'tech': 0}; building Barracks; aviation 0",3,3,4,Fixed authored baseline; host-dependent effects require Unity calibration report/playtesting.
vessels.09.edda-the-conductor,vessels,0,0,2.8,1.2,0,"AP 1; activation 1; resources {'human': 0, 'energy': 1, 'materials': 0, 'tech': 0}; building Barracks; aviation 0",3,3,4,Fixed authored baseline; host-dependent effects require Unity calibration report/playtesting.
vessels.08.thren-the-scholar,vessels,0,0,2.8,0.6,1,"AP 1; activation 1; resources {'human': 0, 'energy': 1, 'materials': 0, 'tech': 0}; building Barracks; aviation 0",3,3,4,Fixed authored baseline; host-dependent effects require Unity calibration report/playtesting.
vessels.04.vale-the-machinist,vessels,0,0,2.8,0.6,1,"AP 1; activation 1; resources {'human': 0, 'energy': 1, 'materials': 0, 'tech': 0}; building Barracks; aviation 0",3,3,4,Fixed authored baseline; host-dependent effects require Unity calibration report/playtesting.
vessels.03.orr-the-keeper,vessels,0,0,3.2,0.9,0,"AP 1; activation 1; resources {'human': 0, 'energy': 1, 'materials': 0, 'tech': 0}; building Barracks; aviation 0",3,3,4,Fixed authored baseline; host-dependent effects require Unity calibration report/playtesting.
vessels.05.ilex-the-surveyor,vessels,0,0,2.8,2.2,0,"AP 1; activation 1; resources {'human': 0, 'energy': 1, 'materials': 0, 'tech': 0}; building Barracks; aviation 0",3,3,4,Fixed authored baseline; host-dependent effects require Unity calibration report/playtesting.
vessels.06.sol-the-warden,vessels,0,0,3.2,1.9,0,"AP 1; activation 1; resources {'human': 0, 'energy': 1, 'materials': 0, 'tech': 0}; building Barracks; aviation 0",3,3,4,Fixed authored baseline; host-dependent effects require Unity calibration report/playtesting.
vessels.07.nyx-the-cartographer,vessels,0,0,3.2,0.6,0,"AP 1; activation 1; resources {'human': 0, 'energy': 1, 'materials': 0, 'tech': 0}; building Barracks; aviation 0",3,3,4,Fixed authored baseline; host-dependent effects require Unity calibration report/playtesting.
vessels.10.whisper-scout,vessels,1,0,6.9,1.6,0,"AP 1; activation 1; resources {'human': 0, 'energy': 1, 'materials': 0, 'tech': 0}; building Barracks; aviation 0",2,2,4,Fixed authored baseline; host-dependent effects require Unity calibration report/playtesting.
vessels.11.glass-runner,vessels,1,0,7.2,2.2,0,"AP 1; activation 1; resources {'human': 0, 'energy': 1, 'materials': 1, 'tech': 0}; building Barracks; aviation 0",2,2,4,Fixed authored baseline; host-dependent effects require Unity calibration report/playtesting.
vessels.12.salvage-drone,vessels,1,0,4.6,0.6,1,"AP 1; activation 1; resources {'human': 0, 'energy': 0, 'materials': 1, 'tech': 0}; building Barracks; aviation 0",1,1,4,Fixed authored baseline; host-dependent effects require Unity calibration report/playtesting.
vessels.13.arc-sentry,vessels,1,0,8.0,0.9,0,"AP 4; activation 1; resources {'human': 0, 'energy': 2, 'materials': 0, 'tech': 1}; building Barracks; aviation 0",2,2,4,Fixed authored baseline; host-dependent effects require Unity calibration report/playtesting.
vessels.14.shard-wanderer,vessels,1,0,5.8,0.6,0,"AP 1; activation 1; resources {'human': 0, 'energy': 1, 'materials': 0, 'tech': 0}; building Barracks; aviation 0",1,1,4,Fixed authored baseline; host-dependent effects require Unity calibration report/playtesting.
vessels.15.vessel-rifleman,vessels,1,0,6.5,0.9,0,"AP 1; activation 1; resources {'human': 0, 'energy': 1, 'materials': 0, 'tech': 0}; building Barracks; aviation 0",1,1,4,Fixed authored baseline; host-dependent effects require Unity calibration report/playtesting.
vessels.16.bulwark-vessel,vessels,1,0,7.6,1.9,0,"AP 2; activation 1; resources {'human': 0, 'energy': 1, 'materials': 1, 'tech': 0}; building Barracks; aviation 0",2,2,4,Fixed authored baseline; host-dependent effects require Unity calibration report/playtesting.
vessels.17.relay-carrier,vessels,1,0,6.5,2.2,0,"AP 2; activation 1; resources {'human': 0, 'energy': 1, 'materials': 1, 'tech': 1}; building Barracks; aviation 0",2,2,4,Fixed authored baseline; host-dependent effects require Unity calibration report/playtesting.
vessels.18.bastion-frame,vessels,1,0,8.8,0.9,0,"AP 3; activation 1; resources {'human': 0, 'energy': 2, 'materials': 1, 'tech': 1}; building Barracks; aviation 0",2,2,4,Fixed authored baseline; host-dependent effects require Unity calibration report/playtesting.
vessels.19.heavy-sentinel,vessels,1,0,8.7,0.9,0,"AP 3; activation 1; resources {'human': 0, 'energy': 2, 'materials': 2, 'tech': 1}; building Barracks; aviation 0",2,2,4,Fixed authored baseline; host-dependent effects require Unity calibration report/playtesting.
vessels.20.siege-walker,vessels,1,0,10.7,0.9,0,"AP 5; activation 1; resources {'human': 0, 'energy': 3, 'materials': 2, 'tech': 2}; building Barracks; aviation 0",2,2,4,Fixed authored baseline; host-dependent effects require Unity calibration report/playtesting.
vessels.21.resonance-tank,vessels,1,0,9.8,0.9,0,"AP 4; activation 1; resources {'human': 0, 'energy': 2, 'materials': 3, 'tech': 1}; building Barracks; aviation 0",2,2,4,Fixed authored baseline; host-dependent effects require Unity calibration report/playtesting.
vessels.22.monolith,vessels,1,0,12.6,0.9,0,"AP 5; activation 2; resources {'human': 0, 'energy': 3, 'materials': 3, 'tech': 2}; building Barracks; aviation 0",2,2,4,Fixed authored baseline; host-dependent effects require Unity calibration report/playtesting.
vessels.23.echo-mortar,vessels,1,0,7.6,0.9,0,"AP 3; activation 1; resources {'human': 0, 'energy': 2, 'materials': 1, 'tech': 2}; building Barracks; aviation 0",2,2,4,Fixed authored baseline; host-dependent effects require Unity calibration report/playtesting.
vessels.24.prism-engine,vessels,1,0,10.3,0.9,0,"AP 4; activation 1; resources {'human': 0, 'energy': 3, 'materials': 2, 'tech': 3}; building Barracks; aviation 0",2,2,4,Fixed authored baseline; host-dependent effects require Unity calibration report/playtesting.
vessels.25.harmonic-howitzer,vessels,1,0,11.8,0.6,0,"AP 4; activation 1; resources {'human': 0, 'energy': 4, 'materials': 3, 'tech': 4}; building Barracks; aviation 0",2,2,4,Fixed authored baseline; host-dependent effects require Unity calibration report/playtesting.
vessels.26.skimmer,vessels,1,0,14.6,4.6,0,"AP 2; activation 1; resources {'human': 0, 'energy': 2, 'materials': 0, 'tech': 2}; building Barracks; aviation 1",3,3,4,Fixed authored baseline; host-dependent effects require Unity calibration report/playtesting.
vessels.28.dreadnought,vessels,1,0,12.5,1.5,0,"AP 3; activation 1; resources {'human': 0, 'energy': 3, 'materials': 3, 'tech': 2}; building Barracks; aviation 1",2,2,4,Fixed authored baseline; host-dependent effects require Unity calibration report/playtesting.
vessels.27.gyrocopter,vessels,1,0,10.7,2.8,0,"AP 2; activation 1; resources {'human': 0, 'energy': 1, 'materials': 1, 'tech': 2}; building Barracks; aviation 1",2,2,4,Fixed authored baseline; host-dependent effects require Unity calibration report/playtesting.
concord.card.concord-base,concord,3,0,3.9,0.0,5,"AP 4; activation 0; resources {'human': 3, 'energy': 2, 'materials': 1, 'tech': 2}; building Barracks; aviation 0",2,2,4,Fixed authored baseline; host-dependent effects require Unity calibration report/playtesting.
concord.card.dorian-kesh,concord,0,0,3.2,0.9,0,"AP 1; activation 1; resources {'human': 1, 'energy': 0, 'materials': 0, 'tech': 0}; building Barracks; aviation 0",3,3,4,Fixed authored baseline; host-dependent effects require Unity calibration report/playtesting.
concord.card.aldric-voss,concord,0,0,2.8,0.9,0,"AP 1; activation 1; resources {'human': 1, 'energy': 0, 'materials': 0, 'tech': 0}; building Barracks; aviation 0",3,3,4,Fixed authored baseline; host-dependent effects require Unity calibration report/playtesting.
concord.card.vector-vance,concord,0,0,2.8,0.6,1,"AP 1; activation 1; resources {'human': 1, 'energy': 0, 'materials': 0, 'tech': 0}; building Barracks; aviation 0",3,3,4,Fixed authored baseline; host-dependent effects require Unity calibration report/playtesting.
concord.card.bolt-jax,concord,0,0,2.8,0.6,1,"AP 1; activation 1; resources {'human': 1, 'energy': 0, 'materials': 0, 'tech': 0}; building Barracks; aviation 0",3,3,4,Fixed authored baseline; host-dependent effects require Unity calibration report/playtesting.
concord.card.nadia-thorne,concord,0,0,3.2,1.9,0,"AP 1; activation 1; resources {'human': 1, 'energy': 0, 'materials': 0, 'tech': 0}; building Barracks; aviation 0",3,3,4,Fixed authored baseline; host-dependent effects require Unity calibration report/playtesting.
concord.card.kessa-vrail,concord,0,0,2.8,0.9,0,"AP 1; activation 1; resources {'human': 1, 'energy': 0, 'materials': 0, 'tech': 0}; building Barracks; aviation 0",3,3,4,Fixed authored baseline; host-dependent effects require Unity calibration report/playtesting.
concord.card.lira-sable,concord,0,0,3.2,2.2,0,"AP 1; activation 1; resources {'human': 1, 'energy': 0, 'materials': 0, 'tech': 0}; building Barracks; aviation 0",3,3,4,Fixed authored baseline; host-dependent effects require Unity calibration report/playtesting.
concord.card.tessa-rourke,concord,0,0,2.8,0.6,0,"AP 1; activation 1; resources {'human': 1, 'energy': 0, 'materials': 0, 'tech': 0}; building Barracks; aviation 0",3,3,4,Fixed authored baseline; host-dependent effects require Unity calibration report/playtesting.
concord.card.scout,concord,1,0,5.7,1.9,0,"AP 1; activation 1; resources {'human': 1, 'energy': 0, 'materials': 0, 'tech': 0}; building Barracks; aviation 0",1,1,4,Fixed authored baseline; host-dependent effects require Unity calibration report/playtesting.
concord.card.rc-vehicle,concord,1,0,8.0,2.2,0,"AP 1; activation 1; resources {'human': 0, 'energy': 0, 'materials': 2, 'tech': 0}; building Barracks; aviation 0",2,2,4,Fixed authored baseline; host-dependent effects require Unity calibration report/playtesting.
concord.card.watcher-drone,concord,1,0,4.8,2.6,0,"AP 1; activation 1; resources {'human': 0, 'energy': 0, 'materials': 0, 'tech': 1}; building Barracks; aviation 0",1,1,4,Fixed authored baseline; host-dependent effects require Unity calibration report/playtesting.
concord.card.scrapper,concord,1,0,6.9,1.2,1,"AP 1; activation 1; resources {'human': 0, 'energy': 0, 'materials': 1, 'tech': 0}; building Barracks; aviation 0",2,2,4,Fixed authored baseline; host-dependent effects require Unity calibration report/playtesting.
concord.card.crawler,concord,1,0,8.8,0.9,0,"AP 4; activation 1; resources {'human': 0, 'energy': 2, 'materials': 0, 'tech': 1}; building Barracks; aviation 0",2,2,4,Fixed authored baseline; host-dependent effects require Unity calibration report/playtesting.
concord.card.light-infantry,concord,1,0,6.5,0.9,0,"AP 1; activation 1; resources {'human': 1, 'energy': 0, 'materials': 0, 'tech': 0}; building Barracks; aviation 0",1,1,4,Fixed authored baseline; host-dependent effects require Unity calibration report/playtesting.
concord.card.medium-infantry,concord,1,0,7.2,0.9,0,"AP 1; activation 1; resources {'human': 1, 'energy': 0, 'materials': 1, 'tech': 0}; building Barracks; aviation 0",2,2,4,Fixed authored baseline; host-dependent effects require Unity calibration report/playtesting.
concord.card.flamer,concord,1,0,7.7,0.9,0,"AP 2; activation 1; resources {'human': 1, 'energy': 1, 'materials': 1, 'tech': 0}; building Barracks; aviation 0",2,2,4,Fixed authored baseline; host-dependent effects require Unity calibration report/playtesting.
concord.card.at-infantry,concord,1,0,8.0,0.9,0,"AP 3; activation 1; resources {'human': 1, 'energy': 0, 'materials': 1, 'tech': 1}; building Barracks; aviation 0",2,2,4,Fixed authored baseline; host-dependent effects require Unity calibration report/playtesting.
concord.card.heavy-infantry,concord,1,0,8.7,0.9,0,"AP 3; activation 1; resources {'human': 1, 'energy': 0, 'materials': 2, 'tech': 0}; building Barracks; aviation 0",2,2,4,Fixed authored baseline; host-dependent effects require Unity calibration report/playtesting.
concord.card.light-tank,concord,1,0,9.9,0.9,0,"AP 4; activation 1; resources {'human': 0, 'energy': 1, 'materials': 2, 'tech': 0}; building Barracks; aviation 0",2,2,4,Fixed authored baseline; host-dependent effects require Unity calibration report/playtesting.
concord.card.medium-tank,concord,1,0,11.0,0.9,0,"AP 4; activation 1; resources {'human': 0, 'energy': 1, 'materials': 3, 'tech': 0}; building Barracks; aviation 0",2,2,4,Fixed authored baseline; host-dependent effects require Unity calibration report/playtesting.
concord.card.heavy-tank,concord,1,0,11.8,0.9,0,"AP 5; activation 1; resources {'human': 0, 'energy': 1, 'materials': 3, 'tech': 1}; building Barracks; aviation 0",2,2,4,Fixed authored baseline; host-dependent effects require Unity calibration report/playtesting.
concord.card.artillery-cannon,concord,1,0,7.6,0.6,0,"AP 4; activation 1; resources {'human': 0, 'energy': 2, 'materials': 1, 'tech': 3}; building Barracks; aviation 0",2,2,4,Fixed authored baseline; host-dependent effects require Unity calibration report/playtesting.
concord.card.at-cannon,concord,1,0,7.6,0.6,0,"AP 4; activation 1; resources {'human': 0, 'energy': 2, 'materials': 1, 'tech': 3}; building Barracks; aviation 0",2,2,4,Fixed authored baseline; host-dependent effects require Unity calibration report/playtesting.
concord.card.artillery-tank,concord,1,0,12.5,0.9,0,"AP 4; activation 1; resources {'human': 0, 'energy': 4, 'materials': 2, 'tech': 5}; building Barracks; aviation 0",2,2,4,Fixed authored baseline; host-dependent effects require Unity calibration report/playtesting.
concord.card.pulse-cannon,concord,1,0,9.5,0.9,0,"AP 4; activation 1; resources {'human': 0, 'energy': 3, 'materials': 1, 'tech': 3}; building Barracks; aviation 0",2,2,4,Fixed authored baseline; host-dependent effects require Unity calibration report/playtesting.
concord.card.wasp,concord,1,0,13.8,4.0,0,"AP 2; activation 1; resources {'human': 0, 'energy': 2, 'materials': 0, 'tech': 2}; building Barracks; aviation 1",3,3,4,Fixed authored baseline; host-dependent effects require Unity calibration report/playtesting.
concord.card.rusty-vulture,concord,1,0,10.7,2.8,0,"AP 2; activation 1; resources {'human': 0, 'energy': 1, 'materials': 0, 'tech': 2}; building Barracks; aviation 1",2,2,4,Fixed authored baseline; host-dependent effects require Unity calibration report/playtesting.
